stat,four_year_avg
FG%_mean,0.4519049863925528
pts_mean,9.47670224987319
Gcar_final,297.99593702387
