team,team_win_shares_sum
0,5.004
1,11.664000000000001
2,6.5920000000000005
3,6.704
4,13.144
5,6.36
6,9.411999999999999
7,11.008
8,4.4559999999999995
9,9.751999999999999
